Lng,Lat,Naam,beschrijving
Lng,Lat,Naam,beschrijving
4.893583,52.367168,Muntsluis (1),muntplein
4.8896288749,52.3674130265,Heiligewegsluis (2),singel_hoek_leidsestraat
4.8877835151,52.3684087644,Krijtbergbrug (3),singel_bij_beulingsloot
4.8878264304,52.3687756095,Heibrug (4),singel_hoek_wijde_heisteeg
4.8880624648,52.3702036562,Raambrug (5),singel_hoek_oude_spiegelstraat
4.8884701606,52.3722080843,Gasthuisbrug (6),singel_hoek_gasthuismolensteeg
4.8713683959,52.3725748979,Brug no. 7,hugo_de_grootkade_hoek_frederik_
4.8888778564,52.3732430148,Huiszittenbrug (8),singel_hoek_raadhuisstraat
4.8894196626,52.3745562936,Torensluis (9),torensluis
4.8913025733,52.3762821642,Lijnbaansbrug (10),singel_hoek_lijnbaanssteeg
4.8910879966,52.3764262566,Brug no. 11,singel_hoek_blauwburgwal
4.8920965072,52.3770419189,Korsjesbrug (12),singel_hoek_korsjespoortsteeg
4.8976755019,52.3787185726,Melkmarktsbrug (13),stationsplein
4.8944568511,52.3790460366,Haarlemmersluis (14),haarlemmersluis
4.8941135284,52.3788495585,Brug no. 15,brouwersgrcaht_hoek_singel
4.8922681686,52.3792294154,Melkmeisjesbrug (16),melkmeisjesbrug
4.8917531844,52.3792687108,West-Indische brug (17),herengracht_hoek_brouwersgracht
4.8898005363,52.376858531,Brug no. 18,herengracht_hoek_blauwburgwal
4.890143859,52.3769109277,Brug no. 19,blauwburgwal_hoek_herengracht
4.8880195495,52.3748412143,Brug no. 20,herengracht_hoek_oude_leliestraa
4.8876762267,52.3748412143,Brug no. 21,herengracht_hoek_leliegracht
4.8871934291,52.3734100425,Warmoesbrug (22),herengracht_hoek_raadhuisstraat
4.8708104964,52.36679723,Brug no. 23,bilderdijkkade_hoek_kinkerstraat
4.8870539542,52.3722604864,Brug no. 24,herengracht_hoek_gasthuismolenst
4.8868822928,52.3702691618,Brug no. 25,herengracht_hoek_oude_spiegelstr
4.8867320892,52.3687870734,Vingboomsbrug (26),herengracht_hoek_wijde_heisteeg
4.8869788524,52.3681238022,Beulingsluis (27),herengracht
4.8865389701,52.367530944,Vierheemskinderensluis (28),herengracht_hoek_leidsegracht
4.8883038636,52.3667808523,Koningssluis (29),herengracht_hoek_leidsestraat
4.8928099748,52.3651758099,Brug no. 30,herengracht_hoek_vijzelstraat
4.8958998796,52.3646254962,Brug no. 31,herengracht_hoek_reguliersgracht
4.8960554477,52.3648023834,Kaassluis (32),herengracht_hoek_thorbeckeplein
4.8978525277,52.3651496046,Brug no. 34,herengracht_hoek_utrechtsestraat
4.9005025502,52.3656343994,Hendrick Jacobsz Staetsbrug (35),herengracht_hoek_amstel
4.9011355516,52.3643437853,Lucas Jansz Sinckbrug (36),keizersgracht_hoek_amstel
4.8983621474,52.3638425976,Peylsluis (37),keizersgracht_hoek_utrechtsestra
4.8961681005,52.3634003684,Oetgenssluis (38),keizersgracht_hoek_reguliersgrac
4.8959910747,52.3635707091,Brug no. 39,keizersgracht_hoek_reguliersgrac1
4.8960018035,52.3632038207,Brug no. 40,keizersgracht_hoek_reguliersgrac2
4.8923647281,52.3638655279,Brug no. 41,keizersgracht_hoek_vijzelstraat
4.8894679424,52.3642782709,Wielrijdersbrug (42),keizersgracht_hoek_nieuwe_spiege
4.886447775,52.3659668738,Brug no. 43,keizersgracht_hoek_leidsestraat
4.8845652955,52.3667904894,Hemonybrug (44),keizersgracht_hoek_leidsegracht
4.8851124662,52.3670033988,Steenhouwerijbrug (45),keizersgracht_hoek_leidsegracht1
4.8847530502,52.3670001233,Quellijnbrug (46),keizersgracht_hoek_leidsegracht2
4.8845648643,52.3688673203,Brug no. 47,keizersgracht_hoek_runstraat
4.8846833127,52.3703639554,Felix Meritisbrug (48),keizersgracht_hoek_wolvenstraat
4.8848603385,52.3723683761,Kees Fensbrug (49),keizersgracht_hoek_reestraat
4.909890713,52.3691733781,Latjesbrug (50),nieuwe_herengracht_hoek_anne_fra
4.8860297816,52.3754747211,Brug no. 51,keizersgracht_hoek_leliegracht
4.8857079166,52.3754910956,Brug no. 52,keizersgracht_hoek_leliegracht1
4.8862229007,52.3753142511,Brug no. 53,keizersgracht_hoek_leliegracht2
4.8879287856,52.3775214816,Noordschebrug (54),keizersgracht_hoek_prinsenstraat
4.8897634166,52.3795845202,Pastoorsbrug (55),keizersgracht_hoek_brouwersgrach
4.89019257,52.3796303644,Brug no. 56,keizersgracht_hoek_brouwersgrach1
4.8886368888,52.3804228067,Papiermolensluis (57),korte_prinsengracht_hoek_brouwer
4.8949990886,52.3795124792,Haringpakkersbrug (58),singel_hoek_prins_hendrikkade
4.8882935661,52.3803638652,Lekkeresluis (59),prinsengracht_hoek_brouwersgrach
4.8862229007,52.3781043816,Prinsensluis (60),prinsengracht_hoek_prinsenstraat
4.8843346256,52.3760740224,Leliesluis (61),prinsengracht_hoek_leliegracht
4.8845277446,52.3759102797,Grote Brouwerssluis (62),prinsengracht_hoek_leliegracht1
4.8830900806,52.3740042698,Nieuwe-Wercksbrug (63),prinsengracht_hoek_westermarkt
4.8829184192,52.3724256908,Reesluis (64),prinsengracht_hoek_reestraat
4.8827413934,52.370432736,Berensluis (65),prinsengracht_hoek_berenstraat
4.882569732,52.3689260877,Brug no. 66,prinsengracht_hoek_looiersplein
4.8827092069,52.3662795028,Kleine Brouwerssluis (67),prinsengracht_hoek_leidsegracht
4.8845219489,52.3650284051,Aalmoezeniersbrug (68),prinsengracht_hoek_leidsestraat
4.888051736,52.3626927926,Antiquairbrug (69),prinsengracht_hoek_nieuwe_spiege1
4.8917102691,52.3622145173,Walenweeshuissluis (70),prinsengracht_hoek_vijzelstraat
4.8963022109,52.3616248557,Duyfjesbrug (71),prinsengracht_hoek_reguliersgrac
4.896098363,52.3614545075,Brug no. 72,prinsengracht_hoek_reguliersgrac1
4.8960876342,52.3617755477,Brug no. 73,prinsengracht_hoek_reguliersgrac2
4.89603399,52.3624110694,Kerksluis (74),reguliersgracht_hoek_kerkstraat
4.8990166064,52.3620900338,Brug no. 75,prinsengracht_hoek_utrechtsestra
4.9019992229,52.3626600342,Frans Hendriksz Oetgensbrug (76),prinsengracht_hoek_amstel
4.902642953,52.3614872668,Henrick de Keijserbrug (77),achtergracht_hoek_amstel
4.9269330379,52.3667513725,Gooyersbrug (78),funenkade
4.8866248008,52.3575887384,Brandweerbrug (79),eerste_jacob_van_campenstraat
4.9192726489,52.3679567546,Entrepotdoksluis (80),hoogte_kadijk_hoek_entrepotdoksl
4.8961627361,52.3598066829,Brug no. 81,reguliersgracht_hoek_lijnbaansgr
4.8862492915,52.3607763843,Museumbrug (82),weteringschans_hoek_museumstraat
4.8908895131,52.3583635573,Freddy Heinekenbrug (84),ferdinand_bolstraat_hoek_stadhou
4.9035978194,52.3679698564,Brug no. 85,mr_visserplein3
4.8909807082,52.3600032457,Bakkerijbrug (86),nieuwe_vijzelstraat
4.8877405998,52.3626371033,Spiegelbrug (87),prinsengracht
4.8869037505,52.3617722718,Brug no. 88,spiegelgracht_hoek_zieseniskade
4.8884594318,52.3608189721,Brug no. 89,lijnbaansgracht_hoek_weteringstr
4.8881751176,52.360525771,Weteringpoort (90),weteringschans
4.9173414584,52.3702675242,Paerlduiker (91),oostenburgergracht_23
4.9335151788,52.3930788612,Blauwezandbrug (92),waddendijk
4.8825532075,52.366070055,Pieter Goemansbrug (93),prinsengracht_hoek_leidsegracht2
4.8809224244,52.3654804449,Brug no. 94,leidsegracht_hoek_lijnbaansgrach
4.8900204774,52.382219037,Brug no. 95,haarlemmer_houttuinen
4.8821991559,52.3673769961,Brug no. 96,prinsengracht_hoek_passeerdersgr
4.8869413015,52.3617689959,Brug no. 97,zieseniskade_hoek_weteringschans
4.8800158378,52.3667317192,Brug no. 98,raamplein_hoek_passeerdersgracht
4.8794472095,52.36714116,Brug no. 99,raamplein_hoek_passeerdersgracht1
4.8792272683,52.3678093591,Brug no. 100,looiersgracht_hoek_lijnbaansgrac
4.905786502,52.3562028761,Nieuwe Amstelbrug (101),ceintuurbaan_hoek_weesperzijde
4.8813676711,52.3685266792,Brug no. 102,looiersgracht_hoek_1e_looiersdwa
4.8823118087,52.3688018126,Looierssluis (103),prinsengracht_hoek_looiersgracht
4.8945265886,52.3701430635,Makelaarsbruggetje (105),o_z_achterburgwal_hoek_st
4.8849940177,52.3740093717,Niek Engelschmanbrug (106),keizersgracht_hoek_raadhuisstraa
4.8782724019,52.3688394796,Baanbrug (107),elandsgracht_hoek_marnixstraat
4.8721462365,52.371340165,Brug no. 108,da_costakade_hoek_de_clercqstraa
4.9978452798,52.3799989431,Brug no. 109,durgerdammergouw
4.8773550864,52.3704853297,Brug no. 110,lijnbaansgracht_hoek_lauriergrac
4.879608142,52.37110435,Brug no. 111,lauriergracht_hoek_hazenstraat
4.8825800296,52.3718674689,Caetsbaanbrug (112),prinsengracht_hoek_lauriergracht
4.9333864328,52.3636165699,Brug no. 113,middenweg2
4.9205976602,52.3692112342,Oesjesduiker (114),oostenburgergracht
4.9380642053,52.3578442827,Brug no. 115,valentijnkade
4.8864531394,52.3522580088,Ceintuurbrug (116),ruysdaelkade_hoek_ceintuurbaan
4.8763304826,52.3723341768,Jordaanbrug (117),rozengracht_hoek_lijnbaansgracht
4.8768669244,52.3739602467,Brug no. 118,bloemgracht_hoek_lijnbaansgracht
4.8770707723,52.3738685465,Brug no. 119,lijnbaansgracht_hoek_bloemgracht
4.8792379972,52.3743565205,Atlasbrug (120),bloemgracht_hoek_3e_leliedwarsst
4.88114773,52.3748215646,Rosa Overbeekbrug (121),bloemgracht_hoek_2e_leliedwarsst
4.8830360051,52.3662485743,Beudekerbrug (122),prinsengracht_hoek_leidsegracht1
4.8832559463,52.3751916314,Kees de Jongenbrug (123),prinsengracht_hoek_bloemgracht
4.8845219489,52.376563799,Pansemertbrug (124),prinsengracht_hoek_egelantiersgr
4.8824083682,52.3761904688,Hilletjesbrug (125),egelantiersgracht_hoek_1e_lelied
4.8805469152,52.375804036,Brug no. 126,egelantiersgracht_hoek_2e_lelied
4.8777359601,52.3752669544,Brug no. 127,lijnbaansgracht_hoek_egelantiers
4.8791897174,52.3777099682,Anjeliersbrug (128),lijnbaansgracht_hoek_westerstraa
4.8573297139,52.3684808235,Van Kinsbergenbrug (129),groene_bruggetje
4.8782294866,52.3762690649,Trapjesbrug (130),nieuwe_tuinstraat_hoek_lijnbaans
4.915077674,52.3618312381,Oude Koekjesbrug (131),korte_s'Gravesandestraa
4.8737877485,52.3810173186,Brug no. 132,de_wittenkade_hoek_jac
4.8682355758,52.3704722287,Brug no. 135,bilderdijkkade_hoek_de_clercqstr
4.8586332675,52.3539749212,Willemsparkbrug (136),oranje_nassaulaan
4.8867320892,52.3546564252,Diamantbrug (137),ruysdaelstraat_hoek_hobbemakade
4.8723554488,52.3693717264,Brug no. 138,da_costakade_hoek_potgieterstraa
4.8770439502,52.3832046182,Staatsliedenbrug (139),de_wittenkade_hoek_2e_nassaustra
4.8637938377,52.3630580473,Brug no. 140,in
4.9278181668,52.350994856,Brug no. 141,verbinding_klein_dantzig_met_par
4.8811530944,52.3807881043,Ouwe Fransenbrug (142),lijnbaansgracht_hoek_willemsstra
4.8867320892,52.3534834455,Korrelbrug (143),ruysdaelkade_hoek_eerste_jan_ste
4.9276411411,52.3500020024,Brug no. 144,klein_dantzig_volkstuincomplex
4.8601782199,52.3621915861,Brug no. 145,pieter_langendijkstraat_hoek_jac
4.8863243934,52.3816853078,Oranjebrug (146),brouwersgracht_hoek_willemsstraa
4.8969352123,52.381420078,Westertoegang (147),de_ruyterkade
4.8848652717,52.3825562982,Dommersbrug (148),brouwersgracht_hoek_palmgracht
4.8826336738,52.3838856714,Bullebak (149),marnixstraat_hoek_brouwersgracht
4.8797047015,52.3814724692,Rotterdammerbrug (150),nassaukade_hoek_jacob_catskade
4.8822581645,52.3849105056,Willemsbrug (151),korte_marnixkade_hoek_haarlemmer
4.8815286037,52.3856701119,Mirakelbrug (152),ingang_westerpark
4.8790395137,52.3818850477,Kattenslootbrug (155),jacob_catskade_hoek_nassaukade
4.8768937465,52.3703313921,Groenmarktbrug (156),marnixstraat_hoek_groenmarkt
4.9047028896,52.3678748682,Tunfun (158),mr_visserplein2
4.9230491992,52.3613464016,Brug no. 159,oosterpark
4.8762607452,52.3737211707,Bullebakssluis (160),marnixstraat_hoek_bloemgracht
4.8780953761,52.3784991704,Zaagpoort (161),nassaukade_hoek_marnixplein
4.8474162694,52.3754880101,Sa�dja en Adindabrug (162),hoofdweg_hoek_erasmusgracht
4.938804495,52.3752030936,Blauwehoofdbrug (163),ertshaven_hoek_verbindingsdam
4.8695874091,52.3685921873,Smederij Meisterbrug (164),bilderdijkkade_hoek_kwakersstraa
4.875423896,52.3740814217,Raampoort (165),nassaukade_hoek_2e_hugo_de_groot
4.8749035474,52.3732757654,Nassaubrug (166),nassaukade_hoek_hugo_de_grootkad
4.8745334026,52.3718903951,Rijckerbrug (167),rozengracht_hoek_nassaukade
4.933697569,52.3438494174,Brug no. 168,kruislaan2
4.876797187,52.3684939251,Oude Kinkerbrug (169),oude_kinkerbrug
4.8782402154,52.3662371098,Koekjesbrug (170),koekjesbrug
4.8729294416,52.3790198396,Van Hallbrug (171),van_der_palmkade_hoek_van_hallst
4.8978417989,52.3551380587,Liefdesbruggetje (172),sarphatipark_1
4.8648774501,52.3702331338,Wiegbrug (173),wiegbrug
4.881212103,52.3632496819,Leidsebrug (174),leidseplein_hoek_leidsegracht
4.8801606771,52.3652282203,Marnixbrug (175),leidsegracht_hoek_marnixstraat
4.8870271322,52.3599999697,Stadshoudersbrug (176),stadhouderskade_hoek_hobbemakade
4.906902301,52.3918348806,Wasknijper (177),distelweg
4.8770815011,52.366654744,Osdorperbrug (178),nassaukade_hoek_j
4.8667335388,52.3637541521,Hennetjesbrug (179),hennetjesbrug
4.8743027326,52.3665482886,Brug no. 180,da_costakade_hoek_j
4.8733639594,52.3655394062,Pesthuysbrug (181),bilderdijkstraat_hoek_jac
4.8646414157,52.3854589296,Het Sluisje (182),haarlemmerweg1
4.8735570785,52.3676324838,Brug no. 183,da_costakade_hoek_kinkerstraat
4.871561515,52.3657949046,Brug no. 184,bilderdijkkade_hoek_jac
4.895545828,52.3539192209,Brug no. 185,sarphatipark_3
4.8578500625,52.3643208553,Brug no. 186,baarsjesweg_hoek_postjesweg
4.9119019386,52.361267779,Spinozabrug (187),spinozastraat
4.9282526847,52.3553182604,Oetewalerbrug (189),middenweg1
4.9409127113,52.3584110617,Hartmanbrug (190),molukkenstraat_hoek_valentijnkad
4.897047865,52.3546007257,Brug no. 191,sarphatipark_2
4.9064034101,52.364347061,Brug no. 192,nieuwe_kerkstraat
4.8748659965,52.3856291851,Westergasbrug (193),haarlemmervaart
4.9218100187,52.3521711784,Brug no. 194,nobelweg4
4.9529021856,52.3578999781,Brug no. 195,sportpark_nieuwe_diep_over_de_ri
4.9478596326,52.3626305516,Brug no. 196,javastraat
4.9132215854,52.3777050562,Zouthavenbrug (197),piet_heinkade4
4.8840552446,52.3629974447,Brug no. 198,kleine_gartmanplantsoen_hoek_lei
4.8548030731,52.3578639399,Overtoomsesluis (199),overtoom_hoek_sloterkade
4.8768830177,52.360507753,Vondelbrug (200),vondelbrug
4.8942690965,52.3693438859,Sleutelbrug (201),o_z_voorburgwal_hoek_grimburgwal
4.8926597711,52.3691408139,Grimnessesluis (202),oude_turfmarkt_hoek_lange_brugst
4.8947089788,52.3707555381,Lommertbrug (203),o_z_achterburgwal_hoek_enge_lomb
4.8957657691,52.3718379925,Varkenssluis (204),o_z_voorburgwal_hoek_damstraat
4.8968279239,52.3726895265,St. Jansbrug (205),o_z_voorburgwal_hoek_st
4.8984157916,52.3739209466,Oudekerksbrug (206),o_z_voorburgwal_hoek_oudekenniss
4.899370658,52.374739691,Liesdelsluis (207),o_z_voorburgwal_hoek_lange_nieze
4.9000197526,52.3753652015,Armbrug (208),zeedijk_hoek_o
4.9007063981,52.3751556074,Vredenburgerbrug (209),vredenburgersteeg
4.9001699563,52.3745071692,Stormsteegbrug (210),o_z_achterburgwal_hoek_korte_sto
4.8992794629,52.3736982455,Majoor Bosshardtbrug (211),molensteeg
4.9487608548,52.3622898624,Brug no. 212,flevopark1
4.9209892627,52.375447074,Brug no. 213,dijksgracht
4.8977720615,52.3723816661,Stoofbrug (214),o_z_achterburgwal_hoek_stoofstee
4.8969030257,52.3715039247,Paulusbroedersluis (215),o_z_achterburgwal_hoek_damstraat
4.8957443115,52.3702658866,Ruslandbrug (216),o_z_achterburgwal_hoek_rusland
4.9345558759,52.3510866037,Frankendaelbrug (217),middenweg_153
4.8948645469,52.3693127701,Gasthuisbrug (218),o_z_achterburgwal_hoek_grimburgw
4.8937970277,52.367537495,Doelensluis (220),oude_turfmarkt_hoek_nieuwe_doele
4.8958623286,52.3673409657,Halvemaansbrug (221),kloveniersburgwal_hoek
4.8962592956,52.3683792856,Aluminiumbrug (222),kloveniersburgwal_hoek_staalstra
4.8976647731,52.3698925032,Oost-Indische brug (223),kloveniersburgwal_hoek_raamgrach1
4.8987322923,52.3709929925,Bushuissluis (224),kloveniersburgwal_hoek_oude_hoog
4.8980563756,52.369921981,Zandbrug (225),kloveniersburgwal_hoek_raamgrach
4.8989736911,52.3696566805,Raemsluis (226),groenburgwal_hoek_raamgracht
4.8976325866,52.368235167,Staalmeestersbrug (227),groenburgwal_hoek_staalstraat
4.9034047004,52.3770386441,Brug no. 228,oosterdokstraat
4.8990380641,52.3680975987,B. Bijvoetbrug (229),staalstraat_hoek_zwanenburgwal
4.9001002189,52.3694470593,Moddermolenbrug (230),raamgracht_hoek_zwanenburgwal
4.853107917,52.363796737,Postjesbrug (231),postjeskade_hoek_hoofdweg
4.9073636409,52.3663681327,Brug no. 232,hortusplantsoen
4.906312215,52.3666432795,Victoria Regiabruggetje (233),in
4.9081575748,52.3658964484,Piet Meerburgbrug (234),nieuwe_keizersgracht
4.9368357536,52.3523169878,Brug no. 235,wethouder_frankeweg
4.9009048816,52.3663550304,Blauwbrug (236),amstelstraat_hoek_amstel
4.9019133922,52.3659226532,Walter S�skindbrug (237),amstel_hoek_nieuwe_herengracht
4.9048101779,52.3664598485,M.S. Vaz Diasbrug (238),weesperstraat_hoek_nieuwe_hereng
4.9070846912,52.3673638941,Hortusbrug (239),muiderstraat_hoek_nieuwe_herengr
4.9055504676,52.3651823612,L.H. Sarlouisbrug (240),weesperstraat_hoek_nieuwe_keizer
4.90257858,52.3646189448,Dirk van Nimwegenbrug (241),amstel_hoek_nieuwe_keizersgracht
4.9023747321,52.3635903637,Magere Brug (242),amstel_hoek_lange_kerkstraat
4.9469315883,52.3517599606,Brug no. 243,kruislaan_over_eerste_molenweter
4.8425131914,52.4042011084,Brug no. 244,nieuwe_hemweg3
4.9458050605,52.3442836492,Rinus Michelsbrug (245),park_de_meer10
4.9040484306,52.3603832647,Hoge Sluis (246),amstel_hoek_sarphatistraat
4.9016451713,52.3585748692,Oudshoornbrug (247),stadhouderskade_hoek_hemonystraa
4.8992204543,52.358089997,Paleis voor Volksvlijtbrug (248),stadhouderskade_hoek_nic
4.9019563075,52.3730088475,Brug no. 249,rechtboomssloot_hoek_lastageweg
4.9034207937,52.3629302904,Jan Vinckbrug (250),amstel_hoek_nieuwe_prinsengracht
4.9066126224,52.3634970041,Dr. D�nnerbrug (251),weesperstraat_hoek_nieuwe_prinse
4.9052286025,52.3620228781,Brug no. 252,korte_amstelstraat_hoek_nieuwe_a
4.9044883128,52.3629663244,Brug no. 253,onbekende_gracht_hoek_nieuwe_pri
4.929282653,52.3433283336,Brug no. 254,fizeaustraat1
4.9057006713,52.3594332111,Tulpbrug (255),prof_tulpplein
4.9216437217,52.3523022431,Zuid-Afrikabrug (256),schalkburgerstraat
4.9072670814,52.3623996039,Dr. Meijer de Hondbrug (257),nieuwe_achtergracht_hoek_weesper
4.9108773347,52.3643159417,Ben Polakbrug (258),nieuwe_prinsengracht_hoek_roeter
4.9106681224,52.3652265825,Lau Mazirelbrug (259),plantage_kerklaan_hoek_plantage_
4.9106466647,52.3630547715,Halverstadbrug (260),nieuwe_achtergracht_hoek_roeters
4.9394374963,52.366574493,Veebrug (261),veelaan
4.9394160386,52.3673213127,Slachthuisbrug (262),veelaan2
4.9083346006,52.360578187,Weesperpoort (263),weesperstraat_hoek_rhijnspoorple
4.9186181899,52.363916302,Artisbrug (264),plantage_middenlaan
4.9199700233,52.3632447682,Muiderpoortbrug (265),alexanderplein
4.8599797365,52.364605842,Kinkerbrug (266),kinkerbrug
4.9309831735,52.3422763155,Brug no. 267,fizeaustraat
4.9194979545,52.371710261,Kippebrug (270),wittenburgerkade
4.9453973647,52.3527069026,Brug no. 271,rutherfordstraat_over_molenweter
4.9211716529,52.3751556074,Mariniersbrug (272),kattenburgerstraat1
4.9286872026,52.3409653545,Brug no. 273,von_guerickestraat
4.9144554015,52.3708914604,Kattenburgerbrug (274),oostenburgergracht_hoek_nieuwe_v
4.8422288772,52.4044498377,Brug no. 275,nieuwe_hemweg4
4.9189025041,52.3692767413,Pelikaanbrug (277),overhaalsgang
4.9116659042,52.3703019146,Scharrebiersluis (278),schippersgracht_hoek_kadijksplei
4.9078035232,52.3727124522,Kikkerbilsluis (279),oude_schans1
4.9058937904,52.3722801372,Montelbaansbrug (280),oude_schans
4.9073743697,52.3715203006,Peperbrug (281),rapenburgwal_hoek_peperstraat
4.9034476157,52.3736491202,Waalseilandbrug (283),buiten_bantammerstraat
4.902219164,52.377169635,Kamperbrug (285),stationssplein
4.9040323373,52.3710486713,Keizersbrug (286),oudeschans_hoek_korte_koningsstr
4.9010604497,52.3696042753,Sint Anthoniesluis (287),sint_antoniestraat_hoek_jodenbre
4.904477584,52.3716021802,Lastagebrug (288),oude_schans_hoek_rechtboomssloot
4.9012750264,52.3705311834,Snoekjesbrug (289),snoekjesgracht_hoek_snoekjesstee
4.9016237136,52.3709798916,Brug no. 290,kromboomssloot_hoek_korte_dijkst
4.9029648181,52.3695747973,Steenvoetsluis (291),houtkopersburgwal_hoek_nieuwe_ui
4.902514207,52.3720083006,Schottenburchsbrug (292),kromboomssloot_hoek_korte_koning
4.9022728082,52.371526851,Armeenschebrug (293),kromboomssloot_hoek_korte_keizer
4.9048852798,52.3759579546,Brug no. 294,prins_hendrikkade_hoek_stationsp
4.9027556058,52.3724668192,Boomsbrug (295),rechtboomsloot
4.9029540893,52.3724733694,Boomsluis (296),rechtboomssloot_hoek_kromboomssl
4.9012642976,52.3733871171,Gelderschebrug (297),rechtboomsloot_hoek_geldersekade
4.9012535688,52.3741698465,Bantammerbrug (298),geldersekade_hoek_binnen_bantamm
4.9026054021,52.3764426307,Hoofdbrug (299),prins_hendrikkade1
4.9034905311,52.3753128031,Kraansluis (300),prins_hendrikkade
4.9023425456,52.3766325699,Kolkswaterkering (301),prins_hendrikkade_brug_301
4.9006098386,52.3758171355,Kolksluis (302),zeedijk_hoek_o_z_kolk
4.8987591144,52.3768519815,Nieuwe Brug (303),damrak
4.9353551742,52.3515502545,Brug no. 304,linnaeushof_naast_cygnus_lyceum
4.840801942,52.3520466667,Brug no. 305,delflandlaan
4.899048793,52.3777820122,Stationsbrug (306),damrak1
4.8465525981,52.342384468,Riekerhavenbrug (307),jaagpad
4.906017172,52.4172934863,Meerbrug (308),kadoelenweg
4.9125671264,52.3385137531,Brug no. 311,korte_ouderkerkerdijk
4.9036246415,52.4178120621,Brug no. 312,eudornastraat
4.8893713828,52.3814495481,Eenhoornsluis (313),korte_prinsengracht_hoek_haarlem
4.8932981368,52.3831391317,Westerdok-sluis (314),westerdoksdijk
4.8883843299,52.3855620652,Galgenbrug (315),bickersgracht
4.8899078246,52.3871336267,Zandhoeksbrug (316),realengracht_hoek_grote_bickerss
4.8901224014,52.3884006574,Petemayenbrug (317),zoutkeetsgracht_hoek_bokkinghang
4.885728943,52.3881485637,Zoutkeetsbrug (318),planciusstraat_hoek_korte_zoutke
4.8872148868,52.3869208144,Drieharingenbrug (320),realengracht_hoek_vierwindendwar
4.8859006044,52.3856799343,Sloterdijkerbrug (321),prinseneiland_hoek_galgenstraat
4.8373418924,52.3762412288,Camera Obscurabrug (322),leeuwendalersweg
4.9017095443,52.4181719534,Brug no. 323,pandorinastraat
4.8698395368,52.3754045003,Beltbrug (324),tweede_hugo_de_grootstraat
4.905786502,52.3590908592,Brug no. 325,mauritskade
4.9187254783,52.3674113888,Brug no. 327,oud_entrepotdok
4.9322974559,52.366530273,Brug no. 328,zeeburgerpad
4.8359095928,52.4071383146,Brug no. 330,nieuwe_hemweg5
4.8347401496,52.4061598131,Brug no. 331,westhavenweg2
4.9325603124,52.3672476139,Brug no. 332,cruquiuskade
4.9420446035,52.3477344116,Brug no. 333,teslastraat
4.9501395103,52.3469299132,Heinz Stuybrug (334),park_de_meer11
4.9391102668,52.3536145062,Brug no. 335,Galil
4.9410199996,52.3548857751,Brug no. 336,archimedesweg
4.9410199996,52.3548857751,Brug no. 337,galileiplantsoen
4.9438524123,52.3532606413,Brug no. 338,joh_v_d_waalstraat
4.9882858869,52.3779424733,Brug no. 339,kerkepad_in_durgerdam
4.9131357547,52.3485454491,Schollenbrug (340),schollenbrugstraat
4.9452739831,52.3445097758,Brug no. 341,zaaiersweg
4.9504721042,52.3620703785,Brug no. 342,flevopark2
4.9941491958,52.3932589081,Brug no. 343,dorpsweg_te_ransdorp
4.9942403909,52.3938841563,Brug no. 344,ransdorp
4.8840981599,52.3884595881,IJszeebrug (345),houtmankade1
4.8855358239,52.3904500925,Westerkeersluis (346),tasmanstraat
4.8801606771,52.3851339687,Een Honderd Roebrug (347),haarlemmerweg_hoek_de_wittenkade
4.852351534,52.350967004,Zeilstraatbrug (348),zeilstraat_hoek_schinkelkade
4.8845273134,52.3893762789,Noordpoolbrug (349),houtmankade2
4.9048852798,52.3589205013,Torontobrug (350),stadhouderskade_hoek_weesperzijd
4.9636256572,52.4065263446,Postje van Gerrit Vreling (351),zunderdorpergouw2
4.9341267225,52.3684922874,Jaap Hannisbrug (352),cruquiusweg
4.9252968904,52.3672312364,Dageraadsbrug (353),hoogte_kadijk_hoek_nieuwe_vaart
4.9263805028,52.3661797871,Oosterbeerbrug (354),zeeburgerstraat_hoek_funenkade
4.9331772205,52.356781143,Evert van der Wallbrug (355),linnaeuskade_ringdijk
4.9000680324,52.401548455,Langebrug (356),klaprozenweg
4.9139082309,52.3867358305,Gerben Wagenaarbrug (357),kraaienplein
4.8580753681,52.3647679888,Machineslootbrug (358),machineslootbrug
4.856508958,52.3711223637,Molenslootbrug (359),admiralengracht_JEverts
4.8534834262,52.3547956735,Theophile de Bockbrug (360),schinkelhavenstraat_hoek_schinke
4.8518097278,52.3997401082,Brug no. 361,nieuwe_hemweg
4.9330484744,52.3906808935,Brug no. 362,nieuwendammerkade
4.8965704318,52.4163544724,Brug no. 363,zuideinde
4.9156892177,52.4013275298,Buiksloter Kerkepadbrug (364),kerkepad
4.9235695478,52.3972263012,Passagebrug (366),schoolpad
4.9235695478,52.3953212114,Brug no. 367,buiksloterdijk6
4.9383914348,52.3911555869,Brug no. 368,nieuwendammerdijk
4.9060225364,52.3888737383,Brug no. 371,grasweg
4.8985069867,52.4196703782,Molenpadsbrug (372),adriaan_loosjesstraat
4.9594467755,52.4028592556,Brug no. 373,zunderdorpergouw1
4.9659860011,52.4059634556,Los Postje (374),zunderdorp
4.9648702022,52.4079793505,Bakkersbrug (375),middenlaan_te_zunderdorp
4.9637544032,52.3834829344,Brug no. 376,wijkergouw_schellingwoude
4.9649935838,52.3835091288,Brug no. 377,
4.9665760871,52.3817638941,Brug no. 378,liergouw3
4.9871647235,52.3886936735,Wipbrug (379),liergouw2
4.9952864524,52.3906579772,Gerrit Werfbrug (380),liergouw
4.8556506511,52.3743450581,Vier Windstrekenbrug (381),vierwindstrekenbrug
4.8644214746,52.375429062,Jan van Galenbrug (382),jan_van_galenstraat
4.8626619455,52.3775904406,Anna van Saksenbrug (383),willem_de_zwijgerlaan
4.9156892177,52.4013275298,Brug no. 385,westlandgracht_hoek_heemstedestr
4.8488163825,52.3580768923,Brug no. 386,westlandgracht_hoek_surinameplei
4.8958945152,52.379625642,Wagon Litsbrug(387),fietsbrug
4.8520189401,52.3998317547,Brug no. 388,nieuwe_hemweg6
4.9231940385,52.3737359083,Zebrabrug (389),kattenburgerstraat
4.8361188051,52.407231582,Brug no. 390,nieuwe_hemweg7
4.834718692,52.4062318106,Brug no. 391,westhavenweg1
4.8455870029,52.3495563579,Brug no. 392,westlandgracht_hoek_rietwijkerst
4.8539447662,52.3765441501,Wil de Graaffbrug (393),wil_de_graaffbrug
4.8533224937,52.375902282,Lof der Zotheidbrug (394),erasmuspark
4.8496961471,52.3741076217,Geert Geertsenbrug (395),hondiusstraat
4.8522925254,52.37362947,Desideriusbrug (396),vespuccistraat
4.8474055406,52.3851609807,Zoutmanbrug (397),haarlemmerweg3
4.9670588847,52.4073641196,Brug no. 398,torenven
4.8904871818,52.4085929365,Brug no. 399,kometensingel
4.909777629,52.3498660158,P.L. Kramerbrug (400),amsteldijk_hoek_amstelkade
4.9041449901,52.3491156242,Ernst Cahn en Alfred Kohnbrug (401),van_woustraat
4.8997998115,52.3484405886,Han van Zomerenbrug (402),amstelkade_70
4.8952400562,52.3480145899,Maasbrug (403),amstelkade_hoek_2e_v
4.8912650224,52.3482243128,Brug no. 404,amstelkade_hoek_ferdinand_bolstr
4.8847687122,52.3495579963,Mozartbrug (405),stadionweg_over_noorder_amstelka
4.8864316818,52.3497939263,Boerenweteringbrug (406),ruysdaelkade_hoek_van_hillegaert
4.8790395137,52.3511832663,Timo Smeehuyzenbrug (407),jmcoenenstraat
4.8733103153,52.3521466038,Schildersbrug (408),reinier_vinkeleskade_hoek_breitn
4.8705583688,52.3521072843,Muziekbrug (409),jan_van_goyenkade_hoek_w
4.8652958747,52.3507048664,Lyceumbrug (410),jan_van_goyenkade_hoek_olympiapl
4.8601299402,52.3487617233,Godenbrug (411),bernard_kochstraat
4.8574638244,52.3422959796,Stadionbrug (413),stadionkade_hoek_amstelveenseweg
4.8653817054,52.3433578291,Brug no. 414,voetgangersbrug_bij_achillesstra
4.8679566261,52.3439772295,Parnassusbrug (415),stadionkade_hoek_achillesstraat
4.8727524158,52.3444327618,Brug no. 416,stadionkade_hoek_minervalaan
4.8766040679,52.3445851511,Beethovenbrug (417),stadionkade_hoek_beethovenstraat
4.8814105865,52.3460926295,Brug no. 418,bernhard_zweerskade_hoek_diepenb
4.8845594999,52.3476508493,Hildo Kropbrug (419),churchilllaan
4.8861098167,52.3473886921,Kindertjesbrug (420),apollolaan
4.8604678985,52.3425319484,Brug no. 421,stadionkade_hoek_jasonstraat
4.8857021209,52.3444933899,Prinsessebrug (422),wielingenstraat
4.912856805,52.3473477299,Berlagebrug (423),amsteldijk_hoek_vrijheidslaan
4.9060332652,52.3360734881,Zorgvliedbrug (424),amsteldijk
4.9085652705,52.360124459,Brug no. 425,rhijnspoorplein
4.955654132,52.3438887442,Velibor Vasovicbrug (426),oosterringdijk
4.9164938804,52.3500233015,Boerenoorlogbrug (427),wibautstraat
4.9188595887,52.3424729563,Omvalbrug (429),spaklerweg
4.883599269,52.3441492836,Brug no. 430,beatrixpark1
4.8783689615,52.3443000353,Brug no. 431,ingang_beatrixpark
4.9365997192,52.3937073855,Nollewoudsbrug (432),purmerweg
4.8829179879,52.343795343,Brug no. 433,beatrixpark3
4.9229097244,52.3435216925,Barometerbrug (434),torricellistraat
4.9242293712,52.3442394069,Thermometerbrug (435),von_guerickestraat1
4.9260908242,52.3453536438,Brug no. 436,fizeaustraat_hoek_fahrenheitsing
4.9130177375,52.3920083853,Brug no. 437,johan_van_hasseltweg
4.9123149987,52.3917661333,Brug no. 438,van_der_pekstraat
4.9093752977,52.3388218495,Utrechtsebrug (439),presedent_kennedylaan_hoek_rijns
4.8825907584,52.4123658942,Brug no. 440,plejadenweg
4.9263161298,52.3460385578,Brug no. 441,hugo_de_vrieslaan2
4.9286764737,52.3465366704,Brug no. 442,hugo_de_vrieslaan4
4.9330162879,52.3439510117,Brug no. 443,kruislaan3
4.9341052648,52.3687706964,Brug no. 445,toegang_stadsdeelkantoor
4.9287783977,52.347860574,Brug no. 448,nobelweg
4.8782563087,52.342523755,Brug no. 449,willem_landrestraat
4.8720443126,52.359703487,Brug no. 450,vondelpark3
4.8715829726,52.3589286916,Brug no. 451,vondelpark2
4.8721194145,52.3585650408,Brug no. 452,vondelpark1
4.8629087087,52.3568810694,Hulstbrug (453),vondelpark4
4.8617768165,52.3556590033,Willemsbrug (454),emmalaan
4.8594325658,52.3565894803,Brandbrug (455),vondelpark5
4.9238002177,52.3486830783,Brug no. 456,kamerlingh_onneslaan
4.9274694797,52.3465759948,Brug no. 457,hugo_de_vrieslaan3
4.9326354142,52.3431153101,Brug no. 458,kruislaan
4.9472534534,52.3647565239,Brug no. 459,kramatweg_bij_flevohuis
4.9468672153,52.3628467568,Brug no. 460,james_wattstraat
4.9481010314,52.3656966362,Brug no. 461,zeeburgerdijk
4.9478113528,52.3647597995,Brug no. 462,flevoweg2
4.8654675361,52.3854507442,Van Slingelandtbrug (463),haarlemmerweg
4.9045067179,52.3662417094,Brug no. 464,nieuwe_herengracht
4.9084311601,52.360830438,Brug no. 465,weesperplein
4.8431086418,52.3721867959,Brug no. 466,jan_van_galenstraat1
4.9501096356,52.386190383,Witte Boogbrug (469),monnickendammerweg
4.9544846889,52.3870190355,Brug no. 470,zuiderzeeweg2
4.9693763133,52.3871892851,Brug no. 471,zuiderzeeweg
4.9468672153,52.3628467568,Brug no. 472,flevoweg1
4.8803162452,52.4184844021,Brug no. 473,melkweg
4.8824351903,52.4166947446,Brug no. 474,dierenriem_tuindorp_oostzaan
4.8816466209,52.4160141976,Brug no. 475,meteorenweg2
4.8798173543,52.4145418245,Brug no. 476,vegastraat_tuindorp_oostzaan
4.9278288957,52.3455797649,Brug no. 478,fahrenheitstraat
4.930296528,52.3439051304,Brug no. 479,zwaardemakerstraat
4.9309241649,52.3441345361,Brug no. 480,gooiseweg
4.8917317268,52.3329545383,Brug no. 482,amstelpark6
4.9121379729,52.4135340385,Brug no. 483,sportpark_kadoelen
4.9109041568,52.3774971105,Oosterdoksdoorgang (485),de_ruyterkade2
4.9046707031,52.3783911062,Brug no. 486,de_ruyterkade1
4.912819254,52.3710617722,Kortjewantsbrug (487),prins_hendrikkade_hoek_schippers
4.8753380653,52.4176043053,Brug no. 488,coentunnelcircuit
4.8382162925,52.3788233614,Brug no. 489,bos_en_lommerweg
4.9188971397,52.3895858056,Brug no. 490,johan_van_hasseltweg5
4.9182426807,52.3897429499,Meeuwenpleinbrug (491),johan_van_hasseltweg3
4.8805469152,52.4151471394,Brug no. 492,meteorenweg
4.9191814538,52.389467947,Brug no. 493,johan_van_hasseltweg4
4.9160110828,52.3906170551,Brug no. 494,johan_van_hasseltweg2
4.9003094312,52.3726453126,Bijleveldschesluis (495),kloveniersburgwal_hoek_nieuwmark
4.8818987485,52.3420649257,Brug no. 496,beatrixpark2
4.8854929086,52.3425761924,Brug no. 497,beatrixpark
4.8759335157,52.4172967581,Brug no. 499,meteorenweg3
4.825619722,52.325188351,Brug no. 500,bosbaan16
4.8564875003,52.3304074241,Brug no. 501,koenenkade
4.8544275638,52.3339084391,Brug no. 502,jachthavenweg3
4.8567181703,52.3278077085,Jacob Heinenbrug (503),van_nijenrodeweg1
4.8429369804,52.3278224614,Brug no. 504,bosbaan4
4.8537945625,52.3307647502,Brug no. 505,bosbaan3
4.8452865955,52.3305959222,Brug no. 506,koenensluis1
4.8432266589,52.3298288121,Brug no. 507,bosbaansluis
4.8433607694,52.3256176655,Drogebrug (508),bosbaan5
4.851798999,52.3290764413,Brug no. 509,bosbaan2
4.8532205697,52.3291010287,Brug no. 510,bosbaan1
4.8543846484,52.3280978483,Brug no. 511,bosbaan
4.8211467143,52.3224684691,Brug no. 512,bosbaan10
4.8204010602,52.3224586326,Brug no. 514,bosbaan11
4.8213666555,52.3224258444,Brug no. 515,bosbaan12
4.8536765453,52.3319678358,Ballenbrug (516),boeierspad
4.8216885206,52.3217471224,Brug no. 517,nieuwe_meerlaan1
4.8222732421,52.3215143216,Brug no. 518,nieuwe_meerlaan
4.8240113136,52.3212159413,Brug no. 519,amsterdamse_bos_18
4.8249447223,52.3203142306,Brug no. 520,amsterdamse_bos9
4.8276215669,52.320460145,Brug no. 521,amsterdamse_bos7
4.8255991813,52.3201420837,Brug no. 522,amsterdamse_bos8
4.8227560397,52.3199092745,Brug no. 523,amsterdamse_bos19
4.8305880901,52.3231947222,Brug no. 525,duizendmeterweg
4.8306417343,52.3236340749,Brug no. 526,duizendmeterweg1
4.8364084836,52.3245717834,Duizendmeterbrug (527),bosbaan8
4.8201811191,52.3177401552,Brug no. 528,amsterdamse_bos2
4.8372077819,52.3247881748,Brug no. 529,duizendmeterweg2
4.8368537303,52.3250144011,Brug no. 530,bosbaan13
4.842599022,52.325250462,Brug no. 531,bosbaan14
4.8430657264,52.3264602547,Brug no. 532,bosbaan9
4.8243117209,52.3148429116,Brug no. 533,amsterdamse_bos12
4.8254597064,52.3146756625,Brug no. 534,amsterdamse_bos11
4.8280185338,52.3145936774,Brug no. 535,amsterdamse_bos10
4.8217368003,52.3088281071,Brug no. 536,burgemeester_a
4.8313230153,52.3062533636,Brug no. 537,burgmeester_a
4.8190116759,52.3155217395,Brug no. 538,amsterdamse_bos13
4.8264950391,52.3088986235,Bruinebrug (539),burgemeester_a
4.8271816846,52.3100531077,Blauwebrug (540),amsterdamse_bos20
4.831639516,52.3075686335,Brug no. 541,burgemeester_a
4.8360329744,52.3069864428,Brug no. 542,amsterdamse_bos16
4.8382216569,52.3115388058,Vierwindenbrug (543),amsterdamse_bos21
4.8377495881,52.3132835356,Bibbertjesbrug (544),amssterdamse_bos3
4.8341125127,52.3112469176,Brug no. 545,amsterdamse_bos14
4.8216831561,52.3077195098,Klimopbrug (546),amsterdamse_bos40
4.829381096,52.3182926923,Brug no. 547,zuidelijk
4.8444068309,52.3250176797,Brug no. 548,bosbaan6
4.8496264097,52.3262373144,Brug no. 549,bosbaan7
4.8497229692,52.325138989,Brug no. 550,bosbaan15
4.8429369804,52.3236766985,Karnemelkgatsbrug (551),handoverhaal
4.8485535261,52.3326988501,Brug no. 552,boeierspad2
4.8297029611,52.3186861863,Brug van Broerse (553),amsterdamse_bos1
4.8148435232,52.304839651,Brug no. 554,amsterdamse_bos42
4.8173004266,52.2998584962,Brug no. 555,amsterdamse_bos41
4.8219138261,52.3001898252,Hoedbrug (556),amsterdamse_bos46
4.825813758,52.3029223746,Stenenbrug (557),burgemeester_a
4.8150098201,52.3039671283,Eerste Volendammerbrug (558),amsterdamse_bos44
4.8140764114,52.3037670361,Tweede Volendammerbrug (559),amsterdamse_bos43
4.8170429345,52.3033701292,Brug no. 560,amsterdamse_bos30
4.8205619928,52.300862317,Brug no. 561,amsterdamse_bos31
4.8245102044,52.3014724714,Brug no. 562,amsterdamse_bos33
4.8251914855,52.2999109841,Brug no. 563,amsterdamse_bos34
4.8263072845,52.3021285421,Brug no. 564,amsterdamse_bos45
4.8295259353,52.3049905366,Brug no. 565,amsterdamse_bos17
4.8439830419,52.3212454516,Boogbrug (566),springbaan
4.8406839248,52.3189255601,Manegebrug (569),springbaan1
4.828495967,52.2969371171,Brug no. 571,amsterdamse_bos35
4.8221981402,52.2969896085,Brug no. 572,amsterdamse_bos37
4.8233461257,52.2938793865,Brug no. 575,amsterdamse_bos38
4.8260068771,52.2960775618,Brug no. 577,amsterdamse_bos36
4.8484676954,52.332469385,Brug no. 578,boeierspad1
4.8285174247,52.3016135274,Brug no. 580,amsterdamse_bos32
4.8310011503,52.3032438399,Brug no. 581,amsterdamse_bos28
4.8332649347,52.3049364147,Brug no. 582,amsterdamse_bos27
4.8339569446,52.3025713843,Brug no. 583,amsterdamse_bos29
4.8363709327,52.3062697638,Brug no. 584,amsterdamse_bos15
4.8364567634,52.3160234752,Brug no. 586,amsterdamse_bos52
4.8328465101,52.3171744943,Brug no. 587,amsterdamse_bos53
4.8536014434,52.3326988501,Brug no. 589,tjotterspad
4.8566591617,52.3216717082,Brug no. 590,nieuwe_kalfjeslaan
4.8549425479,52.3336134205,Brug no. 591,koenensluis2
4.8549425479,52.3336134205,Brug no. 592,koenensluis
4.8549425479,52.3336134205,Brug no. 593,jachthavenweg1
4.837851512,52.3821895674,Brug no. 600,burgemeester_vening_meineszlaan
4.8364782211,52.3790836948,Brug no. 601,burgemeester_de_vlugtlaan
4.8316502448,52.3783108766,Brug no. 602,burgemeester_fockstraat1
4.827187049,52.3844128255,Brug no. 603,burgemeester_eliasstraat1
4.833436596,52.3734411554,Bananenbrug (604),burgemeester_roellstraat1
4.8322617885,52.3736474826,Brug no. 605,burgemeester_roellstraat
4.8321169492,52.3704312879,Brug no. 606,jan_evertsenstraat2
4.8303198692,52.3698024322,Brug no. 607,oostoever
4.810568082,52.3794111561,Brug no. 608,jacob_van_maerlantstraat
4.8311567184,52.3772105696,Brug no. 609,burgemeester_fockstraat
4.80759083,52.3680337276,Brug no. 610,sloterpark6
4.8257654783,52.3780456265,Brug no. 611,burgemeester_eliasstraat
4.8231690999,52.3750655471,Brug no. 612,burgemeester_roellstraat2
4.8178046819,52.3786776395,Brug no. 613,carry_van_bruggenstraat
4.8201382038,52.3783337993,Brug no. 614,slotermeerlaan
4.8239952203,52.3777247045,Brug no. 615,frans_bastiaansestraat
4.8238074657,52.3764147948,Brug no. 616,henriette_roland_holststraat
4.8228311416,52.3739242217,Brug no. 617,noordzijde
4.8132288333,52.3794144307,Brug no. 618,burgemeester_van_leeuwenlaan
4.8088407394,52.3803640547,Brug no. 619,eendrachtspark
4.8089909431,52.3779064514,Brug no. 620,lodewijk_van_deysselstraat
4.808669078,52.3767275392,Brug no. 621,burgemeester_roellstraat3
4.8081326362,52.3745710309,Brug no. 622,savornin_lohmanstraat
4.8021352168,52.3792965449,Brug no. 623,kruisherenpad
4.7941261407,52.379253975,Brug no. 624,sam_van_houtenstraat
4.8101174709,52.3805408789,Brug no. 626,eendrachtspark1
4.8121130344,52.3833077591,Brug no. 627,anthony_moddermanstraat
4.8283779498,52.3788086255,Brug no. 628,freek_oxstraat
4.8348903533,52.3777869243,Brug no. 629,dirk_bonsstraat1
4.8120218393,52.3720001127,Brug no. 630,thomas_van_aquinostraat1
4.8172682401,52.3718461804,Brug no. 631,president_allendelaan1
4.8325031873,52.3707653638,Brug no. 632,burgemeester_cramergracht1
4.8339569446,52.37045749,Brug no. 633,jan_evertsenstraat3
4.8105519887,52.3684431562,Brug no. 634,sloterpark3
4.8064374801,52.380298564,Brug no. 635,dr_h_colijnstraat
4.7979080554,52.3801643079,Brug no. 637,aalbersestraat
4.7943621751,52.3816378285,Brug no. 638,cornelis_outshoornstraat
4.7595792886,52.3811122785,Brug no. 639,osdorperweg
4.8059117671,52.3726289371,Brug no. 643,geleyn_bouwensstraat
4.8121398565,52.3807635455,Brug no. 651,bernard_loderstraat
4.7939652082,52.3669757464,Brug no. 652,herman_bonpad
4.8374438163,52.3699530963,Brug no. 653,jan_tooropstraat
4.8395198461,52.345902559,Brug no. 655,afrit
4.8343968269,52.3640718999,Brug no. 656,postjesweg1
4.8348045226,52.3700579059,Brug no. 657,jan_evertsenstraat1
4.8450720188,52.3696091883,Brug no. 658,admiraal_helfrichstraat
4.8477542278,52.369596087,Brug no. 659,jan_evertsenstraat4
4.8477810499,52.3681057873,Brug no. 660,rembrandtpark1
4.8477113124,52.3672869199,Brug no. 661,rembrandtpark
4.8420894023,52.3459320527,Brug no. 662,einsteinweg1
4.8480492708,52.3661273778,Brug no. 663,rembrandtpark2
4.847539651,52.3652757173,Brug no. 664,rembrandtpark3
4.8395466682,52.3456240058,Brug no. 665,oprit
4.8344397422,52.3628139985,Brug no. 666,marius_bauerstraat
4.8470675823,52.3634970041,Brug no. 667,rembrandtpark4
4.8345684882,52.3592759589,Brug no. 668,johan_jongkindstraat
4.8465794202,52.3614954567,Brug no. 669,rembrandtpark5
4.84211086,52.3456141745,Brug no. 670,einsteinweg2
4.8466652509,52.360548703,Brug no. 671,rembrandtpark7
4.844304907,52.358419252,Brug no. 672,cornelis_lelylaan9
4.8474001762,52.3642242214,Brug no. 673,postjesweg
4.8457372066,52.3601129929,Brug no. 674,rembrandtpark8
4.8175310966,52.3595396836,Brug no. 675,colenbranderhof
4.8174828168,52.3587861801,Brug no. 676,sloterplas
4.8090124008,52.3672214099,Brug no. 677,sloterpark5
4.813185918,52.3685839988,Brug no. 678,sloterpark4
4.8090553161,52.3642094807,Brug no. 679,oeverpad
4.806115615,52.3695600583,Brug no. 681,dokter_meurerstraat
4.849476206,52.3631186498,Brug no. 682,postjeskade_ingang_beatrixpark
4.8495083925,52.3618443418,Brug no. 683,postjeskade_hoek_corantijnstraat
4.8489075776,52.3597084011,Duizendste Brug (684),postjeskade_hoek_antillenstraat
4.8346757766,52.356347034,Brug no. 685,pieter_calandlaan1
4.8347562429,52.3515535311,Brug no. 687,heemstedestraat
4.84413861,52.3580244733,Brug no. 688,cornelis_lelylaan12
4.8406249162,52.3580408543,Brug no. 689,cornelis_lelylaan2
4.8349064466,52.3469741528,Brug no. 690,vlaardingenlaan
4.8360061523,52.3560849283,Brug no. 691,koningin_wilhelminaplein
4.8405980941,52.356111139,Brug no. 692,delflandlaan1
4.8477542278,52.3555000995,Brug no. 695,westlandgracht_hoek_woestduinstr
4.8030364391,52.3845470687,Brug no. 698,australiehavenweg
4.8114424821,52.3716136433,Brug no. 699,thomas_van_aquinostraat
4.807553279,52.3724307929,Brug no. 700,sloterpark2
4.8273748037,52.3518156637,Brug no. 701,johan_huizingalaan
4.8333293077,52.3576804724,Brug no. 702,cornelis_lelylaan7
4.8346543189,52.3581162065,Brug no. 703,cornelis_lelylaan6
4.8370092985,52.3457206804,Brug no. 704,henk_sneevlietweg
4.827288973,52.3578180731,Brug no. 705,cornelis_lelylaan13
4.8331415531,52.3627943435,Brug no. 706,hemsterhuisstraat
4.8332595703,52.3592628545,Brug no. 707,comeniusstraat
4.8333829519,52.3562716788,Brug no. 708,pieter_calandlaan3
4.8322081443,52.3518648133,Brug no. 709,jacques_veltmanstraat
4.8335063335,52.3515142111,Brug no. 710,plesmanlaan1
4.820873129,52.3517239175,Brug no. 711,christoffel_plantijnpad
4.8211842653,52.3513208872,Brug no. 712,plesmanlaan4
4.8274981853,52.3470937634,Brug no. 713,johan_huizingalaan1
4.8326802131,52.3471593033,Brug no. 714,ottho_heldringstraat
4.8182445642,52.3557540177,Brug no. 715,pieter_calandlaan4
4.8200684663,52.3524611584,Brug no. 716,johan_braakensiekhof
4.8213934776,52.3577263393,Brug no. 717,cornelis_lelylaan10
4.8213827487,52.3583488146,Brug no. 718,hemsterhuisstraat1
4.8185717937,52.3576968535,Brug no. 719,cornelis_lelylaan11
4.8188722011,52.3582734628,Brug no. 720,christoffel_plantijnpad2
4.8191940662,52.3539781977,Brug no. 721,dirk_wittehof
4.8069175955,52.3403000269,Brug no. 722,sportpark_sloten
4.8124617216,52.3703870717,Brug no. 725,sloterpark8
4.8123222467,52.3698499242,Brug no. 726,sloterpark7
4.8345336195,52.3576984916,Brug no. 729,cornelis_lelylaan4
4.7973206517,52.3404049068,Brug no. 730,tuinpark_vat3
4.7990265366,52.3403655768,Brug no. 731,tuinpark_vat2_te_sloten
4.7982916113,52.3379794957,Brug no. 732,tuinpark_vat_te_sloten
4.7986671206,52.3378811654,Brug no. 736,tuinpark_vat6_te_sloten
4.7987475869,52.3390938903,Brug no. 737,tuinpark_vat5_te_sloten
4.7999599453,52.3401427066,Brug no. 738,tuinpark_vat4_te_sloten
4.8075425502,52.3668725673,Brug no. 740,amstelglorie6
4.9101611849,52.3357162049,Brug no. 742,amstelglorie8
4.9116954085,52.334693507,Brug no. 744,amstelglorie10
4.9085625883,52.3330119041,Brug no. 749,amstelglorie1
4.8075425502,52.3668725673,Brug no. 751,president_allendelaan2
4.7952902194,52.3644535217,Brug no. 752,ookmeerweg
4.8068666335,52.3609696669,Brug no. 753,meer_en_vaart
4.8022371408,52.3525021159,Brug no. 754,pieter_calandlaan
4.7992330667,52.359388984,Brug no. 755,osdorpergracht
4.799275982,52.3580261114,Brug no. 756,tussen_meer
4.7969156381,52.3614610594,Brug no. 757,wevelswalepad
4.8150795575,52.3573987173,Brug no. 758,cornelis_lelylaan8
4.7904890653,52.356284784,Brug no. 759,tussen_meer2
4.7887027141,52.3559080061,Brug no. 760,tussen_meer1
4.7974252578,52.3481096207,Brug no. 761,baden_powellweg
4.7958695766,52.3632414924,Brug no. 762,grasrijk
4.7975110885,52.3603717987,Brug no. 763,vreedenhaven
4.8034548637,52.3602948123,Brug no. 764,groenpad
4.7992330667,52.359388984,Brug no. 765,van_suchtelen_v
4.7952419397,52.3603341245,Brug no. 766,reimerswaalstraat
4.7892928001,52.3595904628,Brug no. 767,baden_powellweg1
4.7937452671,52.3503608085,Brug no. 768,zuiderakerweg
4.7959446785,52.347408354,Brug no. 769,akersluisweg
4.7920983907,52.3534375741,Brug no. 770,hoogeboomspad
4.8108684894,52.3514028042,Brug no. 771,louis_davidsstraat
4.8031115409,52.3498594622,Brug no. 772,jan_van_zutphenplantsoen
4.7935682413,52.3441869716,Brug no. 773,akersluis
4.7796690341,52.3597935787,Brug no. 775,westgaarde
4.7761043784,52.3724226051,Brug no. 776,joris_v_d_berghweg
4.9044319865,52.3320776527,Brug no. 777,amstelglorie4
4.9059715744,52.3327332698,Brug no. 778,amstelglorie5
4.9083801981,52.3339559697,Brug no. 780,amstelglorie14
4.9119099852,52.3320678183,Brug no. 781,amstelglorie13
4.8378273722,52.336797879,Brug no. 782,riekerweg3
4.7540485736,52.3886462017,Brug no. 783,kanaalweg
4.8473586019,52.38904971,Brug no. 784,kabelweg
4.8008370277,52.3551855665,Piet Peelenbrug (786),verlengde_hoekenespad
4.8365640518,52.3519532826,Brug no. 787,maassluisstraat
4.7769787785,52.3530296447,Brug no. 788,romerostraat
4.7802510735,52.3535866558,Moeder Alacoquebrug (789),m_ghandilaan
4.7788402316,52.3559718948,Brug no. 790,bonhoeffersingel_hoek_terpstraat
4.7805568453,52.355306793,Brug no. 791,bonhoefferstraat_hoek_letelierst
4.7817477461,52.3511324775,Titus Brandsmabrug (792),g_v_lierstraat
4.7834214446,52.3504509192,Truus Wijsmullerbrug (793),jacob_paffstraat
4.7861787554,52.3530230915,Louis J. Welterbrug (794),jacob_paffstraat1
4.7836145636,52.3539863889,W.A. Meelhuysenbrug (795),willy_la_croixstraat
4.8043748614,52.3491172626,Brug no. 797,laan_van_vlaanderen
4.8623400804,52.3260569942,Brug no. 801,goudestein2
4.8624473687,52.3235848939,Brug no. 802,de_cuserstraat
4.862334716,52.327827379,Brug no. 803,van_nijenrodeweg2
4.8688471195,52.333088938,Brug no. 804,buitenveldertselaan2
4.8688632127,52.3291387295,Brug no. 805,gijsbrecht_van_aemstelpark10
4.8733290907,52.3353097509,Lex van Deldenbrug (808),in
4.869072425,52.3227750379,Brug no. 811,buitenveldertselaan1
4.865311968,52.3229356987,Brug no. 812,de_cuserstraat1
4.8732781287,52.3229012714,Brug no. 813,bongart
4.8852997895,52.3230930802,Brug no. 814,nederhoven
4.8623239871,52.33032219,Brug no. 815,hunneschans
4.8860990878,52.3331446645,Brug no. 816,dikninge
4.8864155885,52.32939116,Brug no. 817,rhijnestein
4.8780524608,52.3229537321,Brug no. 818,reimersbeek
4.8756867524,52.3331053282,Brug no. 820,willem_van_weldammelaan
4.8911845561,52.324988172,Brug no. 821,de_borcht
4.8787927505,52.3290108746,Brug no. 822,gijsbrecht_van_aemstelpark
4.8781436559,52.3286994314,Brug no. 823,gijsbrecht_van_aemstelpark1
4.8760354396,52.3288928543,Brug no. 824,gijsbrecht_van_aemstelpark2
4.8752736923,52.3283650374,Brug no. 825,gijsbrecht_van_aemstelpark4
4.8746567842,52.3288797409,Brug no. 826,gijsbrecht_van_aemstelpark6
4.8726934072,52.3283158616,Brug no. 827,gijsbrecht_van_aemstelpark7
4.8698449012,52.3288633491,Brug no. 828,gijsbrecht_van_aemstelpark9
4.8698449012,52.3288633491,Brug no. 829,gijsbrecht_van_aemstelpark11
4.8712718364,52.3283322536,Brug no. 830,gijsbrecht_van_aemstelpark8
4.8755633708,52.3291583995,Brug no. 831,gijsbrecht_van_aemstelpark3
4.8732191201,52.3291387295,Brug no. 832,gijsbrecht_van_aemstelpark5
4.8795169469,52.3331217183,Brug no. 833,van_leijenberghlaan
4.862270343,52.3288305657,Brug no. 834,van_der_boechorststraat
4.8641264316,52.3290961113,Brug no. 835,cannenburg
4.8911148187,52.3287830295,Rode Brug (836),van_nijenrodeweg
4.8889851447,52.3359866259,Brug no. 837,drentestraat
4.8931264755,52.3331446645,Brug no. 838,amstelpark1
4.8958301421,52.3321382976,Brug no. 839,amstelpark5
4.891028988,52.3322202502,Brug no. 840,europaboulevard
4.8971605178,52.3327086843,Brug no. 841,amsteldijk2
4.895776498,52.3306467346,Brug no. 844,amstelpark7
4.8959750951,52.3288813602,Brug no. 845,amstelpark8
4.9307713927,52.329243616,Brug no. 846,v_d_madeweg
4.8629341897,52.3226545418,Brug no. 849,in
4.86422165,52.3226676571,Brug no. 850,in
4.8669521388,52.3221004198,Brug no. 851,in
4.9172396482,52.3317957145,Brug no. 854,de_heusweg
4.8916740593,52.3389849103,Brug no. 856,president_kennedylaan
4.8684717239,52.3405343477,Brug no. 857,parnassusweg1
4.8684770883,52.3406818342,Brug no. 858,parnassusweg
4.8688204111,52.3405507351,Brug no. 859,strawinskylaan1
4.8717654766,52.3407473836,Brug no. 860,strawinskylaan
4.8732245983,52.3408391526,Brug no. 863,strawinskylaan2
4.8764915289,52.3410259674,Brug no. 864,strawinskylaan3
4.8882074178,52.3348836058,Brug no. 865,de_boelelaan
4.8769314111,52.3406523369,Brug no. 866,beethovenstraat
4.891157734,52.3376779488,Brug no. 867,ringweg_zuid_europaboulevard
4.8918443795,52.3378156117,Brug no. 868,europaboulevard2
4.8924344655,52.3372879014,Brug no. 869,europaboulevard1
4.8986089107,52.3337248722,Brug no. 870,amsteldijk1
4.9481439468,52.2935742581,Brug no. 871,meibergdreef
4.9515825387,52.2947816359,Brug no. 872,muntbergdreef
4.951008546,52.2954279632,Brug no. 873,muntbergdreef2
4.9447107192,52.3115830809,Brug no. 874,arena_boulevard
4.957091796,52.2991941906,Brug no. 875,pietersbergweg
4.9549943086,52.301198559,Brug no. 876,paalbergweg
4.8883172747,52.4094224913,Brug no. 889,algolstraat1
4.8880758759,52.4098086298,Brug no. 890,algolstraat
4.8861339566,52.410417282,Brug no. 891,antarusstraat
4.8852595564,52.4111306378,Brug no. 892,pegasusstraat
4.8911550518,52.4163790113,Brug no. 893,standaardmolen
4.8918470618,52.4191763617,Brug no. 895,rosmolen
4.8884352919,52.4213617704,Brug no. 896,grondzeiler
4.885318565,52.4212472682,Brug no. 897,bovenkruier1
4.8839667317,52.4203901275,Brug no. 898,bovenkruier
4.8851576325,52.419330129,Brug no. 899,bergmolen
4.9118885275,52.4022423169,Brug no. 901,kamperfoelieweg2
4.9111267802,52.4080971596,Brug no. 904,aakstraat
4.9088522669,52.4062678093,Brug no. 905,vishoekerpad
4.9062076088,52.4048736559,Brug no. 906,barkpad
4.9124276515,52.4030687182,Brug no. 907,schepenlaan
4.911330628,52.4024125077,Brug no. 908,kamperfoelieweg3
4.9107029911,52.4005436452,Brug no. 909,kamperfoelieweg1
4.9227058765,52.3986567011,Brug no. 912,buikslotermeerdijk
4.9068835255,52.4027005215,Brug no. 913,wildepark1
4.9186262366,52.408260783,Brug no. 915,binnenvaart2
4.9197473999,52.4077404586,Brug no. 916,bramzeil
4.9251493689,52.4077240961,Brug no. 917,noordhollandsche_kanaaldijk1
4.9206378933,52.4101751311,Brug no. 918,overslag
4.9170705553,52.4118799763,Brug no. 919,voordek
4.918400931,52.4136960057,Brug no. 923,tussendek
4.9154022213,52.4095861098,Brug no. 924,westerlengte1
4.9444252365,52.4029350519,Brug no. 930,in
4.9244868633,52.3950887979,Brug no. 931,in
4.9265188091,52.3973839389,Brug no. 932,nieuwe_leeuwarderweg1
4.92881478,52.3992267502,Brug no. 933,nieuwe_leeuwarderweg3
4.9282407873,52.3966605408,Brug no. 934,purmerweg2
4.92875694,52.3970822767,Brug no. 935,loenermark
4.9330699321,52.4025254224,Brug no. 936,nieuwe_leeuwarderweg4
4.9298673745,52.396362147,Brug no. 939,waddenweg1
4.9339014169,52.4011966106,Brug no. 940,loenermark2
4.929051983,52.4038607399,Brug no. 941,g_l_scheurleerweg
4.9346888178,52.4017862644,Brug no. 942,loenermark1
4.9284768217,52.394280772,Brug no. 943,waddenweg3
4.9382305022,52.4000772355,Brug no. 944,ijdoornlaan7
4.9397432681,52.4015042701,Brug no. 945,lohuis
4.9408429738,52.4026039716,Brug no. 946,kampina
4.9417388316,52.4030261712,Brug no. 947,de_wieden
4.9448501941,52.4017628333,Brug no. 948,in
4.9471944448,52.4008071236,Brug no. 949,th_weeversweg1
4.9468242999,52.3981264439,Brug no. 950,ijdoornlaan1
4.9490934488,52.4002768922,Brug no. 951,j_h_van_heekweg
4.9479615565,52.3992295028,Brug no. 952,spelderholt
4.9473285552,52.3986272426,Brug no. 953,ijdoornlaan10
4.9437987682,52.3996844656,Brug no. 954,ijdoornlaan12
4.9386328336,52.4004503637,Brug no. 956,dijkwater
4.9317100521,52.3978465833,Brug no. 957,waddenweg2
4.9294746035,52.3989059822,Brug no. 958,nieuwe_leeuwarderweg2
4.9359548204,52.4011447633,Brug no. 959,waddenweg
4.9399068829,52.3994373461,Brug no. 960,ijdoornlaan11
4.9299198502,52.3960025983,Brug no. 961,purmerweg4
4.9362939473,52.3936484617,Brug no. 962,purmerweg3
4.9333435174,52.3949807743,Brug no. 963,het_breed
4.9338316795,52.3945781387,Brug no. 964,purmerweg5
4.9386757489,52.3948269221,Brug no. 965,purmerweg6
4.9439972516,52.3973343193,Brug no. 966,th_weeversweg
4.9221077439,52.4059143661,Brug no. 967,ijdoornlaan13
4.9251440045,52.4048049289,IJdoornlaanbrug (970),ijdoornlaan8
4.9176606413,52.4080349826,Brug no. 971,ijdoornlaan
4.9155953404,52.4094617598,Brug no. 972,westerlengte2
4.9180683371,52.4083491394,Brug no. 973,binnenvaart1
4.9215713021,52.406788151,Brug no. 974,oosterlengte1
4.9221077439,52.4059143661,Brug no. 975,oosterlengte
4.9704223748,52.3920378483,Brug no. 978,sportpark_de_weren
4.9520814296,52.3993015116,Brug no. 980,van_heekpad
4.9507993337,52.3976158197,Brug no. 981,ijdoornlaan6
4.9444103118,52.3937597621,Brug no. 984,koedijkpad
4.9453061696,52.3948792974,Brug no. 985,werengouw_west
4.949570882,52.3961984795,Brug no. 986,duinluststraat
4.9565110978,52.3882787031,Brug no. 987,werengouw_oost
4.9427580711,52.3939234386,Brug no. 988,enkhuizerstraat
4.9626748141,52.3899647516,Brug no. 989,markengouw_oost
4.9536357697,52.3874896758,Brug no. 990,schellingwouderbreek3
4.9536357697,52.3880528005,Brug no. 991,schellingwouderbreek2
4.9535123881,52.3888090787,Brug no. 992,schellingwouderbreek1
4.9536411341,52.3893296264,Brug no. 993,schellingwouderbreek
4.9735873815,52.3881649335,Brug no. 994,volkstuincomplex_liergouw
4.9023009714,52.3831694192,Brug Overhoeks (995),badhuisweg
4.9558298167,52.3991763143,Brug no. 996,grootslagstraat
4.8534794029,52.3417429229,Na Druk Gelukbrug (999),stadionkade
4.9595245596,52.3081852553,Brug no. 1001,huntumdreef
4.9536800262,52.308421406,Brug no. 1003,foppingadreef1
4.9539375182,52.3074439961,Brug no. 1004,karspeldreef7
4.952253091,52.3099760337,Brug no. 1005,foppingadreef2
4.9507939693,52.3115535642,Brug no. 1006,foppingadreef
4.9499785777,52.3116650715,Brug no. 1007,hoogoorddreef
4.9494850513,52.3129736215,Brug no. 1008,poppingadreef
4.9480259296,52.3138033337,Brug no. 1009,bijlmerdreef3
4.9509334441,52.3148625879,Brug no. 1010,bijlmerdreef1
4.9511051055,52.3164760162,Brug no. 1011,dolingadreef5
4.9496030685,52.3181287354,Brug no. 1012,dolingadreef
4.9553859111,52.3163710795,Brug no. 1013,bijlmerdreef
4.9599563953,52.317925428,Brug no. 1014,florijn1
4.9708059307,52.3251471855,Brug no. 1018,elsrijkdreef
4.9719968315,52.3136557576,Brug no. 1032,karspeldreef1
4.9699637171,52.3129408262,Brug no. 1033,karspeldreef
4.965817022,52.3115306068,Brug no. 1034,karspeldreef2
4.9638268229,52.310858277,Brug no. 1035,karspeldreef3
4.961595225,52.3100777058,Brug no. 1036,karspeldreef8
4.95742439,52.3137049497,Brug no. 1039,flierbosdreef
4.9601817008,52.3096218195,Brug no. 1041,karspeldreef9
4.9652323004,52.3147691253,Brug no. 1044,gooiseweg14
4.9635371443,52.3166416188,Brug no. 1045,gooiseweg13
4.9617668863,52.3185664989,Brug no. 1046,gooiseweg12
4.9593046185,52.3212487305,Brug no. 1048,gooiseweg10
4.958027887,52.3226258522,Brug no. 1049,gooiseweg11
4.9569737788,52.3237750603,Brug no. 1050,gooiseweg9
4.9554529663,52.3256979908,Brug no. 1051,gooiseweg8
4.9744859215,52.3144985746,Brug no. 1060,in
4.9676194664,52.3121274958,Brug no. 1062,gooiseweg15
4.9525213119,52.3125308834,Brug no. 1063,hoogoorddreef2
4.954806554,52.3133081318,Brug no. 1064,hoogoorddreef3
4.956474888,52.3083131704,Brug no. 1065,karspeldreef4
4.9574994918,52.3086509958,Brug no. 1066,karspeldreef5
4.9582612392,52.3173909219,Brug no. 1067,fleerde3
4.9486321088,52.319184607,Brug no. 1076,dolingadreef1
4.961262631,52.3062550037,Brug no. 1077,huntumdreef1
4.9694540974,52.3102367729,Brug no. 1083,gooiseweg16
4.9714174744,52.3079966618,Brug no. 1084,gooiseweg18
4.9832218763,52.322122552,Brug no. 1132,geerdinkhof7
4.9829858419,52.3215028455,Brug no. 1134,geerdinkhof8
4.9823260184,52.3212766012,Brug no. 1135,grunder
4.9691188213,52.3185615802,Brug no. 1150,kelbergenpad1
4.9596157547,52.3122062059,Brug no. 1162,hofgeest
4.9589291092,52.3054694311,Brug no. 1163,abcouderpad
4.9609300371,52.3108943535,Brug no. 1164,bijlmerpark1
4.9625286337,52.3092216853,Brug no. 1165,huntum2
4.9639448401,52.3074308764,Brug no. 1166,huntum3
4.9640145775,52.3064796847,Brug no. 1167,huntum1
4.9539831158,52.3273044672,Brug no. 1201,gooiseweg7
4.9496862169,52.3320415934,Brug no. 1216,gooiseweg6
4.9436458822,52.3369453779,Duivendrechtsebrug (1267),rozenbruglaan3
4.946478295,52.3343984935,Brug no. 1268,gooiseweg5
4.9426320072,52.336742157,Brug no. 1269,gooiseweg1
4.9383780237,52.3391610808,Brug no. 1270,gooiseweg4
4.981435525,52.2946077492,Brug no. 1350,snellewaardgracht
4.9799656745,52.291097062,Brug no. 1450,spankenkade
5.0145970162,52.2990408247,Wilhelminabrug (1490),gein
4.8478293296,52.3239127666,Brug no. 1513,amsterdamse_bos51
5.0143301364,52.3103400842,Brug no. 1550,stammerlandweg
4.8558974143,52.3308303143,Brug no. 1552,oostelijke_toegang_tennispark_am
4.8511284467,52.3299484691,Brug no. 1553,westelijke_toegang_tennispark_am
4.8989039537,52.3326562353,Rozenoordbrug (1638),jan_vroegop_singel
4.992958295,52.392512527,Brug no. 1750,ransdorp3
4.8422503348,52.3693882738,Brug no. 1800,jan_evertsenstraat7
4.8809224244,52.3331282744,Brug no. 1801,rotterdamsepad1
4.8809224244,52.3293583769,Brug no. 1802,rotterdamsepad2
4.8143553611,52.3420239585,Brug no. 1850,sloterweg2
4.7935199615,52.350770401,Brug no. 1886,pieter_calandlaan5
4.8341661569,52.3518779199,Brug no. 1893,plesmanlaan3
4.8814990994,52.3648433295,Melkwegbrug (1900),lijnbaansgracht_bij_melkweg
4.8902940627,52.3828747292,Brug no. 1901,hollandse_tuin
4.8782455798,52.3839257811,Brug no. 1902,de_wittenkade_hoek_1e_nassaustra
4.9224752065,52.3702011998,Ezelsbrug (1904),poolstraat_hoek_waaigat
4.9138224002,52.3686224848,Nijlpaardenbrug (1907),entrepotdok_hoek_plantage_kerkla
4.8819255706,52.3896815655,Brug no. 1908,le_mairegracht
4.8812442895,52.3891577481,Brug no. 1909,suikerplein
4.8817968246,52.3887550593,Robi�nnabrug (1910),martin_vlaarkade
4.8380446311,52.3894188391,Brug no. 1911,radarweg4
4.8043507215,52.3854867598,Brug no. 1913,brettenpad
4.9215739843,52.3727263714,Witte Katbrug (1914),kattenburgervaart
4.9461483833,52.3673475166,Brug no. 1915,th_k_van_lohuizenstraat
4.9461537477,52.3666662084,Brug no. 1916,th_k_van_lohuizenstraat
4.8089802143,52.3854343734,Brug no. 1917,senneweg
4.8497739312,52.4004127237,Brug no. 1919,nieuwe_hemweg1
4.8821830627,52.3620425335,Hein Donnerbrug (1922),max_euweplein
4.8686915513,52.3642406001,Ketelhuisbrug (1923),voetgangersbrug
4.9198949214,52.360117907,Brug no. 1925,oosterpark1
4.8665263184,52.3886389729,Brug no. 1929,waternatuurtuin7
4.8660059699,52.3878597739,Brug no. 1930,westerpark
4.8677205917,52.3718445428,Katterug (1935),bilderdijkkade_hoek_hugo_de_groo
4.8346650478,52.3851495211,Brug no. 1936,radarweg
4.8469763872,52.3953212114,Brug no. 1937,kabelweg1
4.9107646819,52.3746872918,Mr. J.J. van der Veldebrug (1939),oosterdok
4.938509452,52.3699318069,Brug no. 1940,c_v_eesterenlaan
4.9312245723,52.3493990706,Brug no. 1944,hugo_de_vrieslaan
4.836156356,52.3890292482,Brug no. 1945,radarweg3
4.8648284801,52.3927753724,Brug no. 1946,nieuwe_hemweg8
4.806246353,52.3944727064,Brug no. 1948,noordzeeweg1
4.8016738769,52.3858796561,Brug no. 1950,australiehavenweg1
4.9238002177,52.3646877344,Olifantsbrug (1957),alexanderkade_hoek_wilhelmina_bl
4.8187434551,52.3847369731,Brug no. 1958,seineweg
4.8402601358,52.3850283764,Brug no. 1961,kimpoweg
4.8343002673,52.3849465217,Brug no. 1963,radarweg2
4.8350298282,52.3849596185,Brug no. 1964,radarweg1
4.9338424083,52.3665417374,Panamabrug (1965),panamalaan
4.9338102218,52.3672197721,Panamabrug (1966),panamalaan1
4.8694372054,52.3855293238,Brug no. 1973,haarlemmerweg2
4.9367231008,52.3695551453,Borneosteiger (1981),borneosteiger1
4.9364548799,52.3698630254,Jaap Hannisbrug (1982),borneokade1
4.9488896009,52.37300721,Serang (1983),seranggracht_hoek_sumatrakade
4.9329465505,52.3780636373,Conscience (1984),seranggracht_hoek_kratontuin
4.9325978633,52.3773464721,Idee (1985),seranggracht_hoek_javakade
4.9301570531,52.3788921289,Majang (1986),majanggracht_hoek_surinamekade
4.9300122138,52.3785974103,Kunst (1987),majanggracht_hoek_taman_sapi1
4.9298244592,52.3781880758,Light (1988),majanggracht_hoek_taman_sapi
4.9296581622,52.3778573307,Image (1989),majanggracht_hoek_javakade
4.9276035901,52.3793243791,Lamong (1990),lamongracht_hoek_surinamekade
4.9274587508,52.3789379738,Society (1991),lamonggracht_hoek_java
4.9271368858,52.3783387113,Word (1992),lamonggracht_hoek_javakade
4.9254685518,52.3796583878,Brantas (1993),brantasgracht_hoek_sumatrakade
4.9253076192,52.3793374775,Enseignement (1994),brantasgracht_hoek_tosarituin
4.9250125762,52.3786792768,Wetenschap (1995),brantasgracht_hoek_javakade
4.9428331729,52.3723325392,Lage Brug (1997),kwartiermeesterstraat
4.9488896009,52.37300721,Hoge Brug (1998),panamakade
4.9494099494,52.3719689988,Korte Brug (1999),bootmanstraat
4.9225395795,52.3780308903,Jan Schaeferbrug (2000),oostelijke_handelskade
4.9767041083,52.3651496046,Enne�s Heermabrug (2001),ijburglaan
4.9863010522,52.3600179879,Brug no. 2002,ijburglaan4
5.0157785293,52.3468807581,Benno Premselabrug (2005),ijmeer
5.0089710828,52.3366700461,Uyllanderbrug (2007),uyllanderbrug
4.9704223748,52.3568679643,Nesciobrug (2013),ijburg
5.0110149261,52.3459697391,Brug no. 2050,nico_jessekade
4.7978329536,52.3439903384,Brug no. 2151,vrije_geer2
4.8706267651,52.322418467,Brug no. 2163,in
4.8775415,52.3227397908,Brug no. 2164,in
4.881173211,52.3228119243,Brug no. 2165,in
4.8845259722,52.3228676638,Brug no. 2166,in
4.7747230407,52.3979889687,Brug no. 2200,noordzeeweg
4.8913293954,52.3830253488,Han Lammersbrug (2202),westerdoksplein
4.9215096112,52.3990944859,Buiksloterdraaibrug (2205),buiksloterdijk2
4.9514752504,52.3459386069,Ruud Krolbrug (2232),park_de_meer
4.9505901214,52.3454667045,Sjaak Swartbrug (2233),park_de_meer1
4.9510997411,52.3451094972,Piet Keizerbrug (2234),park_de_meer2
4.9519795057,52.3445294389,Gerrie M�hrenbrug (2235),park_de_meer3
4.9512874957,52.343130058,Barry Hulshoffbrug (2236),delle_alpihof
4.9481707689,52.3440018087,Johan Neeskensbrug (2237),park_de_meer4
4.9487179395,52.3436839166,Johan Cruijffbrug (2238),park_de_meer5
4.9496245261,52.3431136715,Wim Suurbierbrug (2239),park_de_meer6
4.9478757259,52.3431824946,Arie Haanbrug (2240),park_de_meer7
4.8515535768,52.3445056793,Jan Wilsbrug (2247),stadionkade1
4.7866186377,52.3510407299,Eduard Roosnekbrug (2252),trijn_hullemanlaan
4.8717599984,52.3650726266,Jan Swammerdambrug (2291),jan_swammerdambrug
4.9473446485,52.3435315242,Horst Blankenburgbrug (2293),park_de_meer8
4.9300283071,52.3497267519,Brug no. 2294,park_frankendael5
4.9281561252,52.3486421173,Brug no. 2295,nobelweg3
4.9286067363,52.3518238553,Brug no. 2296,kamerlingh_onnesweg
4.9309348937,52.3528887525,Brug no. 2297,middenweg
4.9175184842,52.401000231,Brug no. 2300,baron_de_coubertinlaan1
4.9340891715,52.3509031081,Brug no. 2307,park_frankendael9
4.9331611272,52.3504443657,Brug no. 2308,park_frankendael8
4.9317180988,52.3507622092,Brug no. 2311,park_frankendael1
4.9333113309,52.3515551695,Brug no. 2312,park_frankendael2
4.9308705207,52.3514535927,Brug no. 2314,park_frankendael4
4.9316912767,52.3520630498,Brug no. 2315,heemtuin_park_frankendael
4.9518453952,52.3479588821,Dick van Dijkbrug (P),middenmeerpad_over_de_tweede_mol
4.950547206,52.3471887962,Johnny Repbrug (P),park_de_meer9
4.7920822975,52.340719545,Brug no. 9P,plesmanlaan
4.9598061916,52.3584241663,Brug no. 12P,westelijk_merwedekanaal
4.9691724654,52.3606076709,Ipenslotersluis (13P),diemerzeedijk4
4.7953116771,52.3414799113,Brug no. 26P,dorpsstraat_te_sloten
4.9614262458,52.367039619,Amsterdamse brug (54P),insulindeweg
4.9670320626,52.3785114504,Schellingerwouderbrug (55P),buiten_ij
4.8445355769,52.3861546814,Brug no. 120P,velserweg
4.8445570346,52.3850512957,Brug no. 121P,haarlemmerweg5
4.8447823402,52.3817573452,Brug no. 122P,wiltzanghlaan
4.8445087549,52.3795077567,Brug no. 123P,leeuwendalersweg1
4.8440420505,52.3778900779,Brug no. 124P,bos_en_lommerweg1
4.8451042053,52.3851135051,Brug no. 172P,velserweg1
5.0147753831,52.3324415214,Brug Muiden,over_amsterdam_rijnkanaal
5.0143408652,52.3327758845,Muiderfietsbrug,muiderfietsbrug_over_amsterdam
5.0175166007,52.3247258804,Muiderspoorbrug,over_amsterdam_rijnkanaal1
5.0213467952,52.3028420079,Weesperbrug,over
4.9886573728,52.3280068724,Veeneikbrug,ganzenhoefpad
4.9674451228,52.3588009227,Zeeburgerbrug,ringweg_oost
4.9740916368,52.3740789655,Zeeburgertunnel,zeeburgertunnel
4.8735999938,52.3381990992,Verdwenen brug,station_Zuid_WTC
4.8833417769,52.3585552123,Verdwenen brug,museumplein
